severity,reg_err_median,reg_err_mean,reg_err_p90,match_top1,n
0.0,1733.710216250599,2045.4841660598643,4120.007749126793,0.0037121644774414622,3502
1.0,1735.525150377935,2045.7087737703505,4107.485903360664,0.0031410622501427754,3502
2.0,1739.0286349507123,2044.6301295556011,4105.553426407257,0.0034266133637921186,3502
3.0,1740.2508954642244,2045.17860189954,4091.024545993385,0.0034266133637921186,3502
4.0,1741.204019330293,2045.91950659882,4065.501040047983,0.0037121644774414622,3502
6.0,1786.3006241730686,2078.33875178294,4092.3733874776817,0.0034266133637921186,3502
8.0,1848.1902932429402,2146.7397465109193,4238.5200378210575,0.0031410622501427754,3502
