severity,reg_err_median,reg_err_mean,reg_err_p90,match_top1,n
0.0,89.68015782743026,105.96862178766017,192.94075638131224,0.20779531324725012,4182
1.0,91.02522657644056,105.939712393043,194.2366681985269,0.20468675274988044,4182
2.0,92.47291903655484,112.71641267125437,204.0756239588253,0.20109995217599236,4182
3.0,93.30207561849423,122.40301612954435,217.08359963972828,0.19775227164036346,4182
4.0,95.2849646310209,138.10717187882454,229.4889296667523,0.1958393113342898,4182
6.0,100.08604505063667,203.8624585720831,324.62877203769426,0.18938307030129126,4182
8.0,107.4514062549189,308.76272390278655,1124.2950826452363,0.17407938785270205,4182
