severity,reg_err_median,reg_err_mean,reg_err_p90,match_top1,n
0.0,833.9805391355833,1152.6355911746327,2270.020798543507,0.00980392156862745,4182
1.0,833.4542039388225,1152.0926886473865,2273.9658706540968,0.009086561453849833,4182
2.0,835.6253420870514,1152.8737179948628,2265.938440131414,0.009086561453849833,4182
3.0,845.4110823548932,1155.0762395395732,2240.610070712442,0.009325681492109038,4182
4.0,862.3666038393881,1164.6941738645507,2246.245506636439,0.00860832137733142,4182
6.0,922.2757588181596,1212.4887421386838,2294.100752283971,0.008369201339072214,4182
8.0,994.389662137773,1292.477749678386,2433.9071567870824,0.008130081300813009,4182
