severity,reg_err_median,reg_err_mean,reg_err_p90,match_top1,n
0.0,1327.190766718031,1669.5127762639945,3426.2973144848743,0.0014347202295552368,4182
1.0,1329.5740287683489,1669.2563603122642,3425.1542522469827,0.0014347202295552368,4182
2.0,1331.339725426342,1673.1471963336016,3416.2436603421347,0.0014347202295552368,4182
3.0,1333.3284549833957,1676.2398626112629,3433.506255459207,0.0014347202295552368,4182
4.0,1344.7098720684708,1684.229596068195,3443.0485586273517,0.0014347202295552368,4182
6.0,1421.7126938567062,1733.423090546061,3447.3314874584776,0.001673840267814443,4182
8.0,1537.6767054065717,1792.7622718657992,3490.245930378059,0.0014347202295552368,4182
