severity,reg_err_median,reg_err_mean,reg_err_p90,match_top1,n
0.0,87.76641464585504,102.0025590301545,183.49066641580532,0.03443328550932568,4182
1.0,87.53785669675436,101.66220326597768,185.45316409315524,0.03443328550932568,4182
2.0,89.09649158007349,109.51366023557357,197.8177218018187,0.03395504543280727,4182
3.0,90.05729753390307,119.21544032337754,209.91614838338526,0.034194165471066476,4182
4.0,91.72805834660957,133.71262924946512,225.94913263042145,0.03347680535628886,4182
6.0,94.40808010178523,203.44867508331208,389.79563336737004,0.030607364897178385,4182
8.0,101.9909934149402,311.89215181452244,1250.277779331964,0.030607364897178385,4182
