severity,reg_err_median,reg_err_mean,reg_err_p90,match_top1,n
0.0,830.3404525551242,1008.7113372050436,1875.9634218817457,0.00951531370799881,3363
1.0,828.9029562907886,1012.1550831084152,1903.437582677854,0.00951531370799881,3363
2.0,823.2477462562783,1009.6278226704935,1903.80887667217,0.00951531370799881,3363
3.0,825.5516954632334,1011.6238380167545,1907.0749103635949,0.010110020814748736,3363
4.0,829.4493528986163,1020.0894130484312,1960.7956988468925,0.010704727921498661,3363
6.0,868.2242360621549,1064.6318731906542,2067.80517206788,0.008325899494498959,3363
8.0,913.3200601213822,1131.1896225893415,2289.95012478264,0.006839131727624145,3363
