severity,reg_err_median,reg_err_mean,reg_err_p90,match_top1,n
0.0,89.35730250696152,105.19188851097726,185.86358759266727,0.0028694404591104736,4182
1.0,89.0985718913631,104.90355107309027,187.6626464589246,0.0028694404591104736,4182
2.0,90.78583685901191,112.84819889855734,198.16811272910363,0.0028694404591104736,4182
3.0,92.09750276654025,121.99698869487723,209.4620648958817,0.0028694404591104736,4182
4.0,92.9059727246736,135.46845189026067,225.73518409854907,0.0028694404591104736,4182
6.0,98.10992838439384,204.66578279295598,384.8130161241312,0.0028694404591104736,4182
8.0,107.98880109653949,310.4079598041568,1177.5360275073326,0.0028694404591104736,4182
