severity,reg_err_median,reg_err_mean,reg_err_p90,match_top1,n
0.0,1247.8623554030437,1557.4285258414914,3218.3258671162857,0.005425471159337522,3502
1.0,1251.963467692597,1559.7372836833301,3215.006343792169,0.0048543689320388345,3502
2.0,1259.2308684240738,1560.2394188027404,3193.6624055876578,0.0048543689320388345,3502
3.0,1282.63250936915,1562.2163235162375,3177.587274951628,0.0048543689320388345,3502
4.0,1296.738813225938,1575.0935689250032,3194.0815353686694,0.0057110222729868645,3502
6.0,1332.340731411331,1625.660466577381,3373.980114917113,0.005139920045688178,3502
8.0,1333.2469098323118,1710.0754108648327,3853.005334649186,0.004568817818389492,3502
