severity,reg_err_median,reg_err_mean,reg_err_p90,match_top1,n
0.0,1291.9189247546624,1625.16805225333,3493.2014029653183,0.0065676756139348945,3502
1.0,1283.0612471756078,1624.358350119219,3486.5402036540563,0.006282124500285551,3502
2.0,1293.6728792272265,1630.4601723545927,3494.277880331917,0.006282124500285551,3502
3.0,1324.9810349031627,1645.7321004200603,3490.114635579672,0.005996573386636208,3502
4.0,1335.1006863825323,1653.6158275434839,3490.5348201244183,0.005425471159337522,3502
6.0,1409.1585425016597,1705.9275025141424,3516.264357580997,0.005139920045688178,3502
8.0,1460.3031424498336,1827.142072678932,3872.4576989101943,0.0057110222729868645,3502
