severity,reg_err_median,reg_err_mean,reg_err_p90,match_top1,n
0.0,88.3749407251421,101.72405016362018,182.8960123579361,0.20130835563484983,3363
1.0,88.96210604327578,101.90433531332219,186.29075912772385,0.20101100208147488,3363
2.0,91.2643347389202,109.17946972832137,197.64073650271754,0.1977401129943503,3363
3.0,92.66544061659854,119.63032136723807,211.26477930643523,0.19446922390722568,3363
4.0,94.19155412971703,137.8684236549446,224.39327541325443,0.19030627415997622,3363
6.0,98.88526342542774,201.60743703092243,322.0941494798617,0.18495391019922688,3363
8.0,106.98985625363356,291.74737743107136,761.2719864305157,0.1745465358311032,3363
