severity,reg_err_median,reg_err_mean,reg_err_p90,match_top1,n
0.0,749.3978518429083,1071.942709295472,2197.0082022574343,0.0231935771632471,3363
1.0,749.6865225492977,1070.9713271332027,2214.1682480013587,0.022598870056497175,3363
2.0,747.2489984806492,1073.5687572659042,2192.519883899668,0.021409455842997322,3363
3.0,751.4729520122089,1078.4625615862064,2187.373698477036,0.020814748736247397,3363
4.0,754.441424859786,1080.9143192696135,2202.4688677544373,0.020220041629497473,3363
6.0,794.7433248494866,1126.5575030451705,2293.2575312503827,0.01992268807612251,3363
8.0,826.3784785453532,1176.150599632242,2456.391705825113,0.01873327386262266,3363
