severity,reg_err_median,reg_err_mean,reg_err_p90,match_top1,n
0.0,994.5362672656215,1404.0657475853316,3049.9204335637305,0.002152080344332855,4182
1.0,991.6178090049243,1402.458695802217,3042.8952064104587,0.0023912003825920613,4182
2.0,989.0775875484428,1402.2331485339434,3002.9782105564527,0.0023912003825920613,4182
3.0,992.9964466005587,1407.6285259436868,3022.944910838509,0.0023912003825920613,4182
4.0,1018.314945551777,1418.0652663294125,3036.087092429635,0.0023912003825920613,4182
6.0,1111.611484976804,1468.9490701333314,3074.4772471888346,0.0026303204208512673,4182
8.0,1177.819400048235,1541.9807636027786,3108.698835950447,0.0026303204208512673,4182
