severity,reg_err_median,reg_err_mean,reg_err_p90,match_top1,n
0.0,98.30161670963469,112.82232327972822,201.05375447106633,0.2065997130559541,4182
1.0,98.00477982293516,112.42400463930821,201.71098814345632,0.20803443328550933,4182
2.0,99.14236733190155,120.11123786153561,216.73418697299567,0.19823051171688189,4182
3.0,100.40495837582228,129.32310205882925,233.36101012612528,0.19440459110473457,4182
4.0,100.85654054209432,145.01107454579616,249.55378534086705,0.19033955045432807,4182
6.0,106.74876426734319,214.56232466696446,402.818498336887,0.17957914873266378,4182
8.0,115.1328051968161,316.51971342157185,1064.9499010427724,0.1676231468197035,4182
