severity,reg_err_median,reg_err_mean,reg_err_p90,match_top1,n
0.0,77.28588429531456,91.52964185603201,165.7892522838453,0.08082257293161167,4182
1.0,77.84654411389045,92.10244244371043,167.49531085234966,0.08082257293161167,4182
2.0,78.68184927063197,98.69345311383265,176.2299418297959,0.07723577235772358,4182
3.0,79.80600391885079,109.02994510512383,188.50825553230177,0.07627929220468675,4182
4.0,80.35561480998402,124.17463841483698,205.3140520986906,0.07508369201339073,4182
6.0,84.536426220864,195.59042787117625,376.0358684356869,0.07101865136298421,4182
8.0,92.20008516962015,303.18361459105034,1216.260158876225,0.06599713055954089,4182
