severity,reg_err_median,reg_err_mean,reg_err_p90,match_top1,n
0.0,97.23407184482079,112.37185586454606,203.50185283320803,0.16044954567192732,4182
1.0,96.89274261696166,112.31694487446728,203.80356426073587,0.15805834528933524,4182
2.0,98.28686140051887,117.21421328437148,211.77353019906676,0.15542802486848398,4182
3.0,99.43486297017023,127.29974711576602,225.59429500142912,0.15279770444763272,4182
4.0,100.6125342801935,141.93905467701205,236.40734008536134,0.1516021042563367,4182
6.0,105.38777282619172,203.97686279805586,341.2981048766159,0.1406025824964132,4182
8.0,111.41846395539403,305.9851611027997,951.8404498494107,0.13438546150167385,4182
