severity,reg_err_median,reg_err_mean,reg_err_p90,match_top1,n
0.0,77.5508314372808,89.6613115238125,163.44830508219857,0.004162949747249479,3363
1.0,77.11646766701503,90.72421418462879,166.9918414354074,0.003865596193874517,3363
2.0,78.69231649872651,98.04088539454908,177.85890232323567,0.003568242640499554,3363
3.0,79.4545715170348,109.99456226378582,194.69117008726576,0.003568242640499554,3363
4.0,81.90777418951784,128.44196993949697,217.12794639228272,0.003568242640499554,3363
6.0,87.11528849419926,193.4453609943594,377.3956594678991,0.003865596193874517,3363
8.0,95.9057216337633,279.5519279635633,1021.3065707701305,0.003568242640499554,3363
