severity,reg_err_median,reg_err_mean,reg_err_p90,match_top1,n
0.0,78.40789757457448,94.2251399744821,172.53546696232252,0.08703969392635102,4182
1.0,78.4437015071197,93.97854342734338,171.35930261741058,0.08680057388809183,4182
2.0,79.669311783565,101.35167870675058,187.37144229694604,0.08560497369679579,4182
3.0,81.4601854036109,112.59479114582774,204.45550389309136,0.08393113342898136,4182
4.0,82.59760786267269,127.65255918536057,216.90911966843743,0.08345289335246293,4182
6.0,87.24003510382319,198.435148533457,392.0347545634599,0.0784313725490196,4182
8.0,95.51610226076217,305.50641677091676,1167.5958624427135,0.0741272118603539,4182
