severity,reg_err_median,reg_err_mean,reg_err_p90,match_top1,n
0.0,739.2824040665241,922.4499847991777,1719.250253211604,0.011299435028248588,3363
1.0,740.8439727931227,920.6559773323845,1714.3350423028332,0.01159678858162355,3363
2.0,740.9603698613824,921.3396357659626,1722.134463360779,0.011002081474873625,3363
3.0,750.3394058166604,925.9025428130414,1723.9625749510046,0.010704727921498661,3363
4.0,758.2876293098753,934.9875909782996,1736.4223337448793,0.00951531370799881,3363
6.0,794.7157895728052,992.0501153437747,1903.0894993569318,0.008920606601248885,3363
8.0,820.843187121017,1082.2872195984476,2145.379087770598,0.009217960154623847,3363
