severity,reg_err_median,reg_err_mean,reg_err_p90,match_top1,n
0.0,1292.400449193693,1439.313243415569,2581.973980005284,0.0014867677668748143,3363
1.0,1289.262728371959,1439.0372987317578,2577.233106397383,0.0014867677668748143,3363
2.0,1297.5734276705527,1441.3208903509253,2573.4625703744878,0.0014867677668748143,3363
3.0,1300.4565495168404,1443.7206276077557,2570.745199351843,0.0014867677668748143,3363
4.0,1305.0431493970855,1447.3746925058388,2591.6756045373468,0.0014867677668748143,3363
6.0,1341.7066768126595,1478.4785445942507,2614.115370956628,0.0014867677668748143,3363
8.0,1384.2168673084725,1528.655253173466,2687.5408192415016,0.0014867677668748143,3363
