severity,reg_err_median,reg_err_mean,reg_err_p90,match_top1,n
0.0,1110.0878398389893,1274.9100721424388,2373.5987342916724,0.010110020814748736,3363
1.0,1108.5389516393693,1274.9876691480986,2370.1361027833823,0.010110020814748736,3363
2.0,1119.0151359891224,1277.4144500826521,2370.7081497433387,0.009217960154623847,3363
3.0,1129.9646828253378,1280.6008182347675,2370.595807726429,0.008920606601248885,3363
4.0,1137.486366093536,1288.1193767250447,2372.7661381265525,0.008920606601248885,3363
6.0,1175.407784107704,1329.0378726903198,2396.6428009013885,0.00951531370799881,3363
8.0,1231.0202774831478,1389.525660516945,2494.3450168973386,0.008623253047873923,3363
