severity,reg_err_median,reg_err_mean,reg_err_p90,match_top1,n
0.0,88.04950111487194,103.31932907603331,191.01626871854566,0.1855486173059768,3363
1.0,88.11697984548027,103.0427219032701,189.01352011117888,0.18465655664585193,3363
2.0,89.49730969127015,108.36887153373009,198.8606180664412,0.18138566755872731,3363
3.0,89.93137984033477,119.31563270346709,212.18320653565294,0.1816830211121023,3363
4.0,91.86703797827893,135.8133662566471,229.62248670558853,0.17811477847160273,3363
6.0,94.28109939464859,197.84960588446404,314.5894642783738,0.1694915254237288,3363
8.0,101.4315693532406,286.00216564994804,936.1947511850709,0.16176033303597978,3363
