severity,reg_err_median,reg_err_mean,reg_err_p90,match_top1,n
0.0,98.58814440283581,114.92692059176461,206.07190873285708,0.003347680535628886,4182
1.0,98.22764294331209,114.76221050082277,208.51538389802408,0.003347680535628886,4182
2.0,98.83553031492848,120.86683552146273,222.03175996464552,0.003347680535628886,4182
3.0,100.17089318784974,130.60415086880488,237.8999457777842,0.003347680535628886,4182
4.0,101.55617137818632,145.53622072661886,255.82528008734513,0.003347680535628886,4182
6.0,105.8963297658635,213.1259019470672,414.9011428398061,0.003347680535628886,4182
8.0,115.16002639858613,317.2138469711345,1169.5445017363854,0.0028694404591104736,4182
