severity,reg_err_median,reg_err_mean,reg_err_p90,match_top1,n
0.0,82.12117822970319,96.44270890767599,177.37011445803648,0.1958393113342898,4182
1.0,82.23094364494462,96.66784650952756,179.36766805382715,0.1953610712577714,4182
2.0,84.35632772382448,104.72378025629507,192.40801805111332,0.19057867049258728,4182
3.0,85.24424557065808,113.63457052682968,203.01630454627187,0.18699186991869918,4182
4.0,86.83649447870738,128.2037437249883,211.10975682781933,0.18460066953610713,4182
6.0,90.08134564292251,195.36074878735988,279.90762718367455,0.17790530846484937,4182
8.0,97.58795047304334,298.28128059216937,903.4949687665188,0.16284074605451937,4182
