severity,reg_err_median,reg_err_mean,reg_err_p90,match_top1,n
0.0,70.576663002764,85.38806964279539,154.6996075719194,0.013380909901873328,3363
1.0,71.35429074538828,85.8806101341516,156.51949277325645,0.013380909901873328,3363
2.0,72.45343565334385,94.45161101025316,170.87922571577627,0.01367826345524829,3363
3.0,73.31852443914988,105.74295857302512,185.53716169998245,0.01367826345524829,3363
4.0,74.69444269448496,122.68274915934035,207.73959776433938,0.013380909901873328,3363
6.0,77.41241398502734,187.59558151841495,358.6564052367426,0.012488849241748439,3363
8.0,85.06580743834222,274.5641996959388,1025.8694442780475,0.011299435028248588,3363
