severity,reg_err_median,reg_err_mean,reg_err_p90,match_top1,n
0.0,1433.3236592627259,1748.5840930075792,3464.248185273275,0.0014277555682467161,3502
1.0,1434.4223733854221,1748.8553650967626,3461.3104238715973,0.0014277555682467161,3502
2.0,1435.7935229250784,1746.5897738471926,3460.5131382405452,0.0014277555682467161,3502
3.0,1431.0098339620386,1746.3617036995583,3460.872020447468,0.0014277555682467161,3502
4.0,1432.6045414617734,1751.7585502279308,3461.699985843474,0.0014277555682467161,3502
6.0,1479.7488597981692,1799.4803489957687,3575.4345235562723,0.001142204454597373,3502
8.0,1584.1986593713611,1908.703137312396,3824.743991576803,0.001142204454597373,3502
