severity,reg_err_median,reg_err_mean,reg_err_p90,match_top1,n
0.0,84.95498535633887,96.34041385830074,170.06708420805745,0.08623253047873922,3363
1.0,85.92467593414133,96.83220520933314,171.98316732431462,0.08682723758548914,3363
2.0,86.59565950406301,103.96368389785083,181.79759210458852,0.08534046981861433,3363
3.0,88.24065862127382,114.7687469144389,192.2117237681214,0.08385370205173952,3363
4.0,88.96334917875355,131.39991761309636,208.13101910365663,0.08177222717811478,3363
6.0,93.59772595476655,196.4977286926253,325.70301580221366,0.07582515611061552,3363
8.0,101.82234123256003,286.1659024427395,1035.758039327389,0.0704727921498662,3363
