severity,reg_err_median,reg_err_mean,reg_err_p90,match_top1,n
0.0,1070.246627679184,1381.9883350514995,2788.7109018242772,0.014586322333811573,4182
1.0,1068.4936201864002,1383.3877090585668,2785.1318502552595,0.015064562410329985,4182
2.0,1066.2403058526274,1385.0351756936536,2764.406641456906,0.01482544237207078,4182
3.0,1076.8926501139213,1391.8634494154064,2778.059217734898,0.015064562410329985,4182
4.0,1090.7267601196436,1407.124408661623,2766.614895176298,0.013629842180774749,4182
6.0,1129.3630099352013,1449.183270141095,2802.8396849463998,0.013151602104256336,4182
8.0,1199.5685082158125,1523.6672151885373,3035.1962499953734,0.013629842180774749,4182
