severity,reg_err_median,reg_err_mean,reg_err_p90,match_top1,n
0.0,95.39495685472183,111.45176395021664,204.62535619605816,0.029172644667623145,4182
1.0,95.69803248374603,110.88023606737454,204.29402348684272,0.028694404591104734,4182
2.0,96.90926413128447,117.4644627425092,214.67686646392596,0.028216164514586323,4182
3.0,97.71047657711571,126.93006752812086,228.59420047701403,0.028216164514586323,4182
4.0,99.39905698439313,143.02376414676047,243.73884682226503,0.02773792443806791,4182
6.0,104.08558633542344,211.41072046196427,407.64276359351715,0.02606408417025347,4182
8.0,112.89286216839379,311.87754813619136,1173.1463729966345,0.025107604017216643,4182
