severity,reg_err_median,reg_err_mean,reg_err_p90,match_top1,n
0.0,815.5147876102305,1257.0572808563143,2672.078285007126,0.012434241989478718,4182
1.0,812.0122277856943,1253.7163612440938,2663.9886570575327,0.013151602104256336,4182
2.0,809.4709619573791,1251.0907810916037,2649.530041489465,0.013151602104256336,4182
3.0,815.5738661016713,1256.4075603949555,2657.480002342859,0.01291248206599713,4182
4.0,837.5060230821878,1267.6546982198054,2662.1840483986334,0.012434241989478718,4182
6.0,883.6159636457644,1317.6309687380494,2697.7321873361875,0.012434241989478718,4182
8.0,948.742404311582,1389.6300263163928,2816.089124766532,0.010760401721664276,4182
