severity,reg_err_median,reg_err_mean,reg_err_p90,match_top1,n
0.0,1667.127079585037,2134.3794449359666,4137.182215088961,0.0008566533409480297,3502
1.0,1669.6041777773346,2135.3956956837774,4103.700835226762,0.001142204454597373,3502
2.0,1679.210757242419,2138.4812852502937,4127.805035682396,0.001142204454597373,3502
3.0,1692.9851654180848,2137.0247470787594,4087.525144069925,0.001142204454597373,3502
4.0,1681.2321964414236,2133.123193467921,4072.1413963918503,0.001142204454597373,3502
6.0,1688.6453693613034,2145.9348027428077,4141.904406468566,0.001142204454597373,3502
8.0,1685.3336761829905,2193.0530138506456,4483.611786022349,0.001142204454597373,3502
