severity,reg_err_median,reg_err_mean,reg_err_p90,match_top1,n
0.0,74.90613292673802,89.81050745729875,162.0787027522274,0.003865596193874517,3363
1.0,74.86905684312319,89.21221876892487,159.5024376509347,0.004162949747249479,3363
2.0,76.42437670319076,98.53947657799398,175.3066002473962,0.004162949747249479,3363
3.0,77.74128915986296,110.18713050515967,187.75639479143015,0.004162949747249479,3363
4.0,79.99892491124892,126.87142812554562,215.718452981557,0.004162949747249479,3363
6.0,84.05588533973489,192.93534934278205,390.39674692678716,0.004162949747249479,3363
8.0,90.27678224985588,279.49551523228035,1094.4615562036645,0.003865596193874517,3363
