severity,reg_err_median,reg_err_mean,reg_err_p90,match_top1,n
0.0,1310.2611705535528,1526.5441296510148,2956.1424850400585,0.0031410622501427754,3502
1.0,1309.0066124417158,1525.6262005530266,2933.706273079975,0.0031410622501427754,3502
2.0,1299.2447857263435,1521.1452097149083,2939.684826763573,0.0031410622501427754,3502
3.0,1296.4299359201136,1522.072406935554,2936.493508183794,0.0031410622501427754,3502
4.0,1304.0519180165757,1524.9858008841618,2929.147064974617,0.0031410622501427754,3502
6.0,1372.8269697028118,1571.3649184941846,2934.724813836332,0.0028555111364934323,3502
8.0,1465.6637190177194,1652.1371034673905,3039.0271926774876,0.0031410622501427754,3502
