severity,reg_err_median,reg_err_mean,reg_err_p90,match_top1,n
0.0,1225.0419226686968,1605.0728172787092,3298.722831531578,0.0014347202295552368,4182
1.0,1226.638244864409,1604.3833655059414,3298.4272253148865,0.0014347202295552368,4182
2.0,1232.5787978030887,1606.3518414757941,3305.614594162901,0.0014347202295552368,4182
3.0,1233.0047884689443,1607.8465217265225,3286.3242206426426,0.0014347202295552368,4182
4.0,1246.9427705681483,1613.9947123388197,3276.3139649721006,0.0011956001912960307,4182
6.0,1312.699631287844,1648.6714916674377,3272.930942007488,0.0014347202295552368,4182
8.0,1393.81141196744,1697.5822138978122,3279.9486188810715,0.001673840267814443,4182
