severity,reg_err_median,reg_err_mean,reg_err_p90,match_top1,n
0.0,93.89267873798156,108.73412014139197,196.66227387307592,0.0052606408417025345,4182
1.0,93.45994999316162,108.0130470172357,194.7629781939054,0.005021520803443328,4182
2.0,94.93510947675281,116.58203183560836,213.36594507185563,0.005021520803443328,4182
3.0,96.28678182338392,126.53072230381453,228.6386840923875,0.005021520803443328,4182
4.0,97.54479416152954,141.3672061795062,241.375576594631,0.005021520803443328,4182
6.0,102.72041813065317,209.65989264477295,406.44234858654335,0.0052606408417025345,4182
8.0,109.6317419630848,315.21093265740143,1203.2983990124073,0.004782400765184123,4182
