severity,reg_err_median,reg_err_mean,reg_err_p90,match_top1,n
0.0,99.55031974575503,116.46203836002672,211.0166627003654,0.0028694404591104736,4182
1.0,98.81135925024445,115.95731881770315,210.4385249244668,0.0028694404591104736,4182
2.0,99.66796552417082,123.1715814272759,224.04329187927,0.0028694404591104736,4182
3.0,101.32748559831245,132.26673699334123,235.8416301880967,0.0028694404591104736,4182
4.0,102.55660713654125,146.3310566100004,257.5682503980255,0.0031085604973696795,4182
6.0,108.6747732211918,212.66225168426647,392.1879780921857,0.0031085604973696795,4182
8.0,118.27321705152676,315.192706869189,1146.218990732985,0.0031085604973696795,4182
