severity,reg_err_median,reg_err_mean,reg_err_p90,match_top1,n
0.0,116.85122633082767,131.64949131375397,233.43823520839737,0.00430416068866571,4182
1.0,115.94627427305932,130.88252099013462,232.03021705375713,0.00430416068866571,4182
2.0,116.69147429848502,138.30513111357195,244.5367075291462,0.00430416068866571,4182
3.0,118.61423192860929,147.4524412984233,256.73980622387023,0.00430416068866571,4182
4.0,118.92490847574848,161.9582483781276,272.41542515053817,0.00430416068866571,4182
6.0,124.84653816322782,229.11297238366822,428.5909581633379,0.0040650406504065045,4182
8.0,132.82047695135446,329.56838334105356,1193.0078417174186,0.003586800573888092,4182
