severity,reg_err_median,reg_err_mean,reg_err_p90,match_top1,n
0.0,154.80557941850742,172.95068255610752,305.4464856724697,0.0044603033006244425,3363
1.0,154.90069290914886,172.42841249300386,304.563120257585,0.0044603033006244425,3363
2.0,157.12180833450367,178.41335337582993,318.7823152503846,0.0044603033006244425,3363
3.0,157.3671851463755,187.9919994371144,337.62777057806267,0.0044603033006244425,3363
4.0,159.16236329485866,203.56262621518874,364.4964127108151,0.0044603033006244425,3363
6.0,163.4851017683971,261.1697548147297,488.7241551835936,0.0044603033006244425,3363
8.0,173.38951174696706,338.3956294466798,993.6067835032607,0.004162949747249479,3363
