severity,reg_err_median,reg_err_mean,reg_err_p90,match_top1,n
0.0,1166.5577857174922,1332.139306133195,2336.765006318262,0.0011894142134998512,3363
1.0,1165.296990585746,1331.0796308247657,2334.03214573914,0.0011894142134998512,3363
2.0,1171.8696177545671,1333.3767089962344,2335.6408696830313,0.0011894142134998512,3363
3.0,1177.1098165862547,1337.177491694928,2343.536569065688,0.0014867677668748143,3363
4.0,1182.5629936228775,1342.6456181349788,2348.165853924951,0.0011894142134998512,3363
6.0,1224.9935971760312,1378.962441242502,2422.934382804662,0.0011894142134998512,3363
8.0,1276.7826238180103,1435.1625016942091,2505.010381064751,0.0008920606601248885,3363
