severity,reg_err_median,reg_err_mean,reg_err_p90,match_top1,n
0.0,93.42317009532654,109.52640075558466,194.0410483711899,0.0026303204208512673,4182
1.0,92.52907841308503,109.22991179142491,194.01632043207195,0.0026303204208512673,4182
2.0,94.28184979196604,116.78815271145615,205.53193259967378,0.0026303204208512673,4182
3.0,95.19558183519189,125.59106236364875,218.58617397817264,0.0026303204208512673,4182
4.0,96.25438639905713,139.42837575878292,232.31010565134724,0.0026303204208512673,4182
6.0,102.72438114347088,206.48149350715033,400.9867658989588,0.0026303204208512673,4182
8.0,110.5969988479971,306.63579378461213,1064.3226965118822,0.0023912003825920613,4182
