severity,reg_err_median,reg_err_mean,reg_err_p90,match_top1,n
0.0,1190.2246325992492,1383.1335293769912,2520.463920811049,0.0028555111364934323,3502
1.0,1192.6343592050657,1385.083424947464,2507.3036286868055,0.0028555111364934323,3502
2.0,1190.372255508768,1381.4999704737213,2497.664593611543,0.002569960022844089,3502
3.0,1182.7915859704344,1379.4001969191677,2498.7293014063885,0.002569960022844089,3502
4.0,1189.0963862169147,1382.9436413073943,2500.2448807453648,0.002284408909194746,3502
6.0,1234.2067443748251,1435.9086480307249,2563.758812897047,0.0019988577955454027,3502
8.0,1350.1127647377548,1529.620677615961,2703.800195627234,0.0019988577955454027,3502
