severity,reg_err_median,reg_err_mean,reg_err_p90,match_top1,n
0.0,1181.096398085487,1281.210547851777,2081.7401878963474,0.0014867677668748143,3363
1.0,1176.2314399130573,1280.4047822878963,2081.8180426028857,0.0014867677668748143,3363
2.0,1177.1618014697933,1280.8159916275665,2085.2706330991105,0.0011894142134998512,3363
3.0,1179.483007760607,1279.8758274754412,2089.7419600561693,0.0011894142134998512,3363
4.0,1177.8682491480108,1284.4525805348478,2112.9841732834334,0.0011894142134998512,3363
6.0,1211.9084159332222,1319.4522009110126,2195.348078508305,0.0011894142134998512,3363
8.0,1267.7704267931474,1369.2386424105698,2354.3986845800036,0.0011894142134998512,3363
