severity,reg_err_median,reg_err_mean,reg_err_p90,match_top1,n
0.0,1124.7969160656037,1338.4504477000328,2645.0078300907994,0.0011956001912960307,4182
1.0,1125.8062035644748,1337.4691688509838,2658.394776897871,0.0014347202295552368,4182
2.0,1126.5649922889145,1340.7827717865139,2665.830955914816,0.0014347202295552368,4182
3.0,1130.3382094490594,1344.3624089329376,2680.3085180794615,0.0014347202295552368,4182
4.0,1136.9917524589493,1351.0602817230633,2683.3212122623363,0.0014347202295552368,4182
6.0,1197.0340066856638,1398.8917487683216,2683.156093630644,0.0014347202295552368,4182
8.0,1279.9324567778044,1480.5265128634053,2795.04651186115,0.0014347202295552368,4182
